{"cult_id": "milady", "embedding_dim": 512, "centroid": [0.021980296820402145, -0.020752975717186928, -0.05315174162387848, 0.018505092710256577, 0.045357197523117065, -0.02782539278268814, -0.03665974736213684, 0.007522018160670996, 0.009688286110758781, -0.037211041897535324, 0.011040202341973782, -0.2288229614496231, 0.0634491816163063, -0.03664279356598854, 0.06377866864204407, -0.006447771564126015, 0.05608517304062843, -0.02061939425766468, 0.01851196587085724, -0.03881179168820381, -0.017589330673217773, 0.037888698279857635, -0.03596683591604233, 0.0105810621753335, -0.018712669610977173, -0.0006985891959629953, 0.04320622608065605, 0.015950025990605354, 0.011402773670852184, -0.011123912408947945, -0.005632863845676184, -0.015516219660639763, 0.05830908194184303, 0.020651282742619514, -0.028833772987127304, 0.045289941132068634, 0.002293231664225459, 0.012980995699763298, -0.026429392397403717, -0.2718260586261749, -0.07710427790880203, 0.035933297127485275, -0.02381782978773117, 0.020145539194345474, 0.08404117077589035, -0.022614240646362305, 0.0001280262367799878, 0.009706225246191025, -0.0018431770149618387, 0.005558718461543322, -0.026676839217543602, -0.14198613166809082, -0.023366592824459076, -0.04261041060090065, 0.01720522716641426, -0.015477113425731659, -0.05219908431172371, -0.034890759736299515, 0.002904855879023671, -0.002001515356823802, -0.02193179540336132, -0.028013072907924652, -0.05200563743710518, 0.0564434789121151, -0.029322052374482155, 0.05531208962202072, -0.02846761792898178, -0.03588471561670303, 0.03419003635644913, -0.05975830927491188, -0.03556728735566139, 0.02156040631234646, 0.04985465109348297, 0.012600688263773918, 0.05505622550845146, -0.03088212199509144, 0.00572940381243825, -0.046230025589466095, -0.011221546679735184, 0.04212134703993797, 0.019407721236348152, -0.08918968588113785, -0.008093465119600296, 0.021542375907301903, 0.02647840976715088, -0.1355505883693695, -0.04119753837585449, 0.04872328042984009, 0.025978393852710724, 0.055514201521873474, -0.02453707903623581, -0.013000227510929108, 0.0317467600107193, 0.03713512793183327, -0.008552668616175652, -0.04572227597236633, -0.03867028281092644, -0.04977204278111458, 0.02591867372393608, -0.0009609594708308578, -0.03258082643151283, -0.06790781021118164, -0.03764788433909416, -0.01910286769270897, 0.09058799594640732, -0.012625032104551792, 0.0008150895591825247, -0.08252724260091782, 0.004597458988428116, 0.014065878465771675, 0.027085280045866966, 0.023033058270812035, -0.012037783861160278, 0.0026054484769701958, -0.0017574942903593183, -0.023050466552376747, -0.02737334370613098, -0.006062996108084917, -0.038600508123636246, -0.029100341722369194, -0.03423520550131798, 0.015382897108793259, 0.07479159533977509, -0.030432723462581635, -0.008686426095664501, -0.03143499046564102, -0.06519153714179993, 0.03225870430469513, 0.00961859431117773, -0.03827635943889618, 0.04635996371507645, 0.006226605735719204, -0.12291352450847626, 0.004787504207342863, -0.10707056522369385, -0.01239947509020567, 0.0399833619594574, 0.009218508377671242, -0.016762224957346916, -0.016211913898587227, 0.012766443192958832, -0.0778505727648735, -0.023350024595856667, 0.0005757102044299245, -0.0425119511783123, 0.018653973937034607, 0.1249087005853653, -0.034158412367105484, -0.08605852723121643, -0.0007964571705088019, -0.00499094370752573, 0.014383088797330856, 0.031008396297693253, -0.009370118379592896, -0.03282579779624939, 0.01062897127121687, -0.013247214257717133, -0.10039748251438141, 0.004629494622349739, 0.02061949297785759, -0.024624016135931015, -0.07187327742576599, 0.009616452269256115, -0.03136834129691124, -0.05250769481062889, -0.030155379325151443, -0.013682165183126926, 0.022717904299497604, -0.06686200201511383, -0.015152405016124249, 0.021744871512055397, -0.005667359568178654, -0.025330908596515656, 0.023345157504081726, -0.0026344433426856995, -0.005186094902455807, 0.025185860693454742, -0.04028400406241417, 0.04076264053583145, -0.05365483835339546, 0.0067805335856974125, -0.00926654040813446, -0.0005907548475079238, 0.04213716462254524, 0.0078085982240736485, -0.01805509254336357, -0.02910866215825081, -0.019509004428982735, -0.05571511760354042, -0.0066561452113091946, 0.010531732812523842, 0.022337039932608604, -0.02147173322737217, 0.014256571419537067, -0.01442724745720625, -0.044817984104156494, 0.019298529252409935, -0.012706051580607891, -0.023617345839738846, 0.03333495929837227, -0.03874196484684944, -0.005220621824264526, 0.08094235509634018, -0.07850439846515656, 0.05950693413615227, -0.008817200548946857, -0.011861873790621758, -0.058047980070114136, -0.030124472454190254, 0.009853564202785492, -0.008787857368588448, 0.010800279676914215, 0.018360761925578117, 7.010546687524766e-05, -0.00771369831636548, 0.015378778800368309, -0.004486130550503731, -0.009015761315822601, -0.03126317635178566, 0.0174906887114048, 0.007305400911718607, -0.0205418448895216, 0.032381489872932434, -0.007154881954193115, 0.062119003385305405, -0.009090039879083633, 0.058817844837903976, 0.0167884211987257, 0.047978393733501434, 0.020162461325526237, -0.021197503432631493, -0.022169925272464752, 0.0625050812959671, -0.018121080473065376, -0.04378718137741089, 0.006069635506719351, 0.0687142014503479, 0.034924495965242386, 0.06251797080039978, 0.016612045466899872, 0.1225738376379013, 0.0017174448585137725, -0.04313936084508896, -0.04826827347278595, -0.011798707768321037, -0.019840901717543602, 0.0024845036678016186, -0.010270735248923302, 0.016326915472745895, -0.0005094792577438056, 0.09412423521280289, -0.01652732491493225, -0.10172435641288757, -0.02185981348156929, 0.08735252171754837, -0.005162722896784544, 0.0032820794731378555, 0.0003123759524896741, 0.0065727680921554565, -0.0424945168197155, 0.017659414559602737, 0.04907857999205589, 0.02137816697359085, 0.02535317838191986, -0.023738499730825424, 0.009010931476950645, -0.020338086411356926, 0.03935331478714943, 0.007809177972376347, -0.00044185962178744376, 0.041475605219602585, 0.000578351435251534, -0.03315884247422218, 0.0034814486280083656, 0.008342119865119457, -0.019602376967668533, 0.02735576219856739, -0.02347925864160061, -0.02023777924478054, -0.034638553857803345, -0.03894168511033058, 0.0027938620187342167, -0.021786734461784363, -0.043835416436195374, 0.05531243234872818, -0.000990891712717712, -0.00041267648339271545, 0.07037115842103958, 0.11293845623731613, 0.017272204160690308, -0.0067871492356061935, -0.02280929498374462, 0.005398091394454241, -0.00858108140528202, -0.0880727618932724, -0.07733044773340225, -0.030201302841305733, 0.020115995779633522, -0.02665780484676361, -0.036731503903865814, -0.003769602859392762, -0.023954255506396294, -0.04167212173342705, -0.014111196622252464, -0.11385273933410645, 0.009946765378117561, -0.029528522863984108, 0.06690731644630432, -0.019345344975590706, 0.03466285765171051, 0.023400815203785896, -0.03481639176607132, -0.020660268142819405, 0.023836206644773483, 0.025227628648281097, -0.007495678961277008, -0.01801483891904354, 0.03327804431319237, -0.009767715819180012, 0.0701877549290657, -0.008837215602397919, -0.022207995876669884, 0.022276131436228752, 0.010053351521492004, 0.009985480457544327, 0.018197158351540565, 0.0047908020205795765, 0.07021842151880264, -0.0019012198317795992, -0.027248159050941467, 0.022941257804632187, -0.003979700151830912, 0.016019757837057114, -0.11677426099777222, -0.049353718757629395, -0.014479980804026127, 0.07739800214767456, -0.015336115844547749, 0.015809303149580956, 0.06021174415946007, -0.05807264521718025, -0.01933388225734234, -0.00022358045680448413, -0.025741787627339363, -0.013928311876952648, -0.061759404838085175, 0.03989918902516365, -0.044953566044569016, -0.06400777399539948, -0.08572657406330109, -0.02062077447772026, -0.0010206864681094885, -0.01650444231927395, -0.16582335531711578, -0.023337259888648987, -0.0041023921221494675, -0.025290297344326973, -0.029550548642873764, 