{"cult_id": "milady", "embedding_dim": 512, "centroid": [0.009235481731593609, 0.0026286125648766756, -0.05087355524301529, 0.005577976815402508, 0.04403380677103996, -0.03214369714260101, -0.03320038691163063, 0.005887989420443773, 0.01607372984290123, -0.03793993219733238, 0.0037136452738195658, -0.3014962077140808, 0.07558317482471466, -0.02855071611702442, 0.050470929592847824, -0.00753290019929409, 0.04061274230480194, -0.017035501077771187, 0.0043005431070923805, -0.03622886538505554, 0.0010723612504079938, 0.021842824295163155, -0.022272471338510513, -0.005584971513599157, 0.0026999302208423615, 0.0004299619176890701, 0.03432467207312584, 0.018132567405700684, 0.016859615221619606, -0.011362127028405666, -0.008585830219089985, -0.010838889516890049, 0.03421856462955475, 0.024046309292316437, -0.017830077558755875, 0.03196244314312935, -0.004893121309578419, 0.01527913473546505, -0.004471643827855587, -0.36634939908981323, -0.07136000692844391, 0.02256154641509056, -0.03019062615931034, 0.0027257222682237625, 0.06996674090623856, -0.014011325314640999, 0.008041729219257832, -0.009824943728744984, -0.0033900178968906403, 0.0016779659781605005, -0.02250395528972149, -0.1698720008134842, -0.00415354548022151, -0.0338449627161026, 0.012078839354217052, -0.005742373876273632, -0.03542281314730644, -0.01618729904294014, 0.00821790099143982, -0.0037981136702001095, -0.02670186758041382, -0.02342817932367325, -0.047655656933784485, 0.056390680372714996, -0.04319995269179344, 0.04213583469390869, -0.024253785610198975, -0.04960108920931816, 0.049299370497465134, -0.038486890494823456, -0.030998608097434044, 0.015106932260096073, 0.04043145850300789, 0.007834352552890778, 0.04017019271850586, 0.019333064556121826, 0.001592981512658298, -0.03198496997356415, -0.012342038564383984, 0.03388485312461853, 0.01513240672647953, -0.052988532930612564, -0.01885993778705597, 0.009883780963718891, 0.015014369040727615, -0.14162081480026245, -0.036856722086668015, 0.045008402317762375, 0.013055647723376751, 0.06622667610645294, -0.016438795253634453, -0.02221854031085968, 0.02589215338230133, 0.02608618140220642, 0.00596338976174593, -0.029674408957362175, -0.031266387552022934, -0.034136153757572174, 0.024341735988855362, -0.007088534999638796, -0.022524746134877205, -0.05810597538948059, -0.03391137719154358, -0.015217711217701435, 0.08346054702997208, -0.005322476848959923, -0.004586358554661274, -0.0917089432477951, 0.027317089959979057, 0.008423524908721447, 0.03625473380088806, 0.005487494636327028, -0.021542806178331375, 0.0030142280738800764, -0.010846858844161034, -0.02263645827770233, -0.018975654616951942, -0.003186417743563652, -0.04377390816807747, -0.046739790588617325, -0.016071898862719536, 0.016130981966853142, 0.0667121410369873, -0.024461109191179276, 0.008957578800618649, -0.041533034294843674, -0.05160128325223923, 0.02981606125831604, 0.0018051295774057508, -0.03005911596119404, 0.050772882997989655, 0.013392724096775055, -0.1142975464463234, 6.640716310357675e-05, -0.11960770189762115, -0.00639638165012002, 0.04552906006574631, 0.002182966098189354, -0.020039251074194908, -0.0030387735459953547, 0.011810697615146637, -0.08857989311218262, -0.03427278250455856, 0.00413289200514555, -0.03990054875612259, 0.0037791384384036064, 0.10947220027446747, -0.03692407160997391, -0.09288576990365982, -0.013460365124046803, 0.007699818350374699, 0.017217786982655525, 0.020328348502516747, -0.0121367909014225, -0.03499002754688263, -0.0005127583281137049, -0.0005022652330808342, -0.12270312756299973, 0.0017488017911091447, 0.020384531468153, -0.04289763793349266, -0.08432361483573914, 0.0021275924518704414, -0.03402510657906532, -0.03203599900007248, -0.014207676984369755, -0.023955971002578735, 0.024283653125166893, -0.07394992560148239, -0.005184411071240902, 0.0018082071328535676, -0.009783213958144188, -0.012262232601642609, 0.015183113515377045, -0.02487667091190815, -0.00493964459747076, 0.016039803624153137, -0.03535836189985275, 0.016709579154849052, -0.03263743966817856, 0.011788051575422287, -0.01247202418744564, 0.005601796787232161, 0.03672023490071297, 0.014957601204514503, -0.026194503530859947, -0.01571795903146267, -0.009138965979218483, -0.037393856793642044, -0.012258676812052727, 0.00962432473897934, 0.031960681080818176, -0.02878120355308056, 0.007564923260360956, -0.005917178932577372, -0.05758822336792946, 0.015199223533272743, -0.00845642201602459, -0.02307569794356823, 0.02141936495900154, -0.01633536070585251, -0.007161300163716078, 0.09888720512390137, -0.06383026391267776, 0.05104643106460571, -0.005924734752625227, -0.01294917892664671, -0.054641153663396835, -0.03966718167066574, 0.0008793831802904606, -0.013830495998263359, 0.0016054348088800907, 0.015898780897259712, -0.0015171696431934834, -0.00041986469295807183, 0.032254643738269806, 0.006376460660248995, -0.012684915214776993, -0.0526941753923893, 0.0329572856426239, 0.013618145138025284, -0.015171859413385391, 0.02496885135769844, -0.022551748901605606, 0.04749742150306702, -0.003152800491079688, 0.05800434201955795, 0.00876897294074297, 0.047608546912670135, 0.005997337866574526, -0.02706230990588665, -0.026063943281769753, 0.04914364963769913, -0.014228303916752338, -0.036497812718153, 0.0024826121516525745, 0.058271199464797974, 0.03261910006403923, 0.06350664794445038, 0.004559719935059547, 0.12723217904567719, -0.0004218977992422879, -0.050288133323192596, -0.03378254175186157, -0.0024596904404461384, -0.07066573947668076, 0.0033213950227946043, -0.021668344736099243, 0.0126602528616786, 0.003861434990540147, 0.07969857007265091, -0.013353650458157063, -0.10260828584432602, -0.00526090245693922, 0.09771701693534851, 0.017091719433665276, 0.007302926387637854, -0.020510219037532806, -0.0026152892969548702, -0.027135195210576057, 0.02523050270974636, 0.03253568708896637, 0.017100857570767403, 0.026214057579636574, -0.011355774477124214, 0.0048703476786613464, -0.015267109498381615, 0.023121986538171768, -0.010499737225472927, 0.01381958182901144, 0.041456013917922974, 0.0052114212885499, -0.03397354111075401, 0.0061977338045835495, 0.0034680406097322702, -0.01625629886984825, 0.02946317009627819, -0.02001195400953293, -0.018112657591700554, -0.02298664301633835, -0.04515566676855087, -0.0008176766568794847, -0.009304027073085308, -0.04797010496258736, 0.03955676779150963, 0.001996674109250307, -0.0070434752851724625, 0.07292964309453964, 0.11035260558128357, 0.005446369294077158, 0.008494601584970951, -0.0008386285626329482, 0.02141328901052475, 0.0013091790024191141, -0.09515783190727234, -0.04980095475912094, -0.026690874248743057, 0.01627485454082489, -0.005358263850212097, -0.04909771680831909, -0.007934918627142906, -0.02303551323711872, -0.03938713297247887, -0.016007136553525925, -0.10375088453292847, -0.00021263427333906293, -0.010726404376327991, 0.05618412420153618, -0.014173665083944798, 0.035222962498664856, 0.018644021824002266, -0.033183857798576355, -0.018580226227641106, 0.0068252841010689735, 0.020066699013113976, -0.03033861145377159, -0.00965400505810976, 0.02865469455718994, -0.011822356842458248, 0.039469216018915176, -0.001374267740175128, -0.012593843042850494, 0.03744424134492874, 0.015371154062449932, -0.006496143527328968, 0.026270050555467606, 0.010702447965741158, 0.05520366132259369, -0.009474139660596848, -0.029633354395627975, 0.03390401229262352, -0.0034431812819093466, 0.006425804458558559, -0.09824500977993011, -0.043629977852106094, -0.007810039911419153, 0.07048238813877106, -0.02864961512386799, 0.03328026458621025, 0.06130312755703926, -0.05281972140073776, -0.0015820406842976809, -0.006929702591150999, -0.015828793868422508, -0.008417438715696335, -0.06203697249293327, 0.04143373668193817, -0.0315508209168911, -0.041138529777526855, -0.07657243311405182, -0.017237763851881027, -0.008795623667538166, -0.018959103152155876, -0.15432985126972198, -0.019343210384249687, -0.0066501605324447155, -0.022499507293105125, 