{"cult_id": "milady", "embedding_dim": 512, "centroid": [0.009233945980668068, 0.002631967421621084, -0.05086943879723549, 0.005579069256782532, 0.04403439536690712, -0.03214725852012634, -0.03320030868053436, 0.0058867777697741985, 0.016078811138868332, -0.03793727606534958, 0.003717882325872779, -0.3014965355396271, 0.07558797299861908, -0.028544677421450615, 0.05047386512160301, -0.007528745103627443, 0.040610335767269135, -0.01703832484781742, 0.0042970022186636925, -0.036221712827682495, 0.0010759779252111912, 0.021845055744051933, -0.02227192558348179, -0.0055879224091768265, 0.002709053223952651, 0.000429133593570441, 0.0343240424990654, 0.018127189949154854, 0.01686188578605652, -0.011360874399542809, -0.008578474633395672, -0.010845213197171688, 0.03421562910079956, 0.02404896914958954, -0.017829975113272667, 0.03196023404598236, -0.0048936414532363415, 0.015279271639883518, -0.004477607551962137, -0.366347998380661, -0.07134930044412613, 0.022563032805919647, -0.03019341453909874, 0.00272749294526875, 0.0699588805437088, -0.01401505433022976, 0.008051923476159573, -0.009826665744185448, -0.003384861396625638, 0.0016786673804745078, -0.022506318986415863, -0.1698794662952423, -0.00415478739887476, -0.033844321966171265, 0.012080596759915352, -0.005743179004639387, -0.03542746976017952, -0.01618942990899086, 0.008216715417802334, -0.003798520425334573, -0.02670465223491192, -0.023425543680787086, -0.04765952378511429, 0.05639545992016792, -0.043197207152843475, 0.04214252904057503, -0.024249840527772903, -0.04959854856133461, 0.04929744824767113, -0.03849233686923981, -0.030997389927506447, 0.015103846788406372, 0.04043077304959297, 0.007840363308787346, 0.040178898721933365, 0.019336335361003876, 0.0015951828099787235, -0.031985171139240265, -0.012340276502072811, 0.03388633951544762, 0.015136435627937317, -0.05298886448144913, -0.018859006464481354, 0.009883030317723751, 0.015020789578557014, -0.1416143923997879, -0.036854639649391174, 0.045006632804870605, 0.013059393502771854, 0.06622249633073807, -0.01643494702875614, -0.022219140082597733, 0.0258890762925148, 0.02608659118413925, 0.005972696002572775, -0.029674651101231575, -0.031268127262592316, -0.034132685512304306, 0.024343814700841904, -0.007087331265211105, -0.02252640202641487, -0.05810822546482086, -0.033913012593984604, -0.015218961052596569, 0.0834554061293602, -0.005322553683072329, -0.004584167152643204, -0.09170891344547272, 0.02731163799762726, 0.008428361266851425, 0.03625680133700371, 0.00548600684851408, -0.021544024348258972, 0.003013119101524353, -0.01084580086171627, -0.022636855021119118, -0.01897665485739708, -0.0031852684915065765, -0.04376820847392082, -0.046739835292100906, -0.016066240146756172, 0.016127636656165123, 0.06671121716499329, -0.02446061372756958, 0.008959501050412655, -0.04152478277683258, -0.05159953981637955, 0.029815014451742172, 0.0018047032644972205, -0.03005974553525448, 0.05078106373548508, 0.013389427214860916, -0.11429447680711746, 7.284477032953873e-05, -0.11960820108652115, -0.006395877338945866, 0.04552890360355377, 0.002185720717534423, -0.020035644993185997, -0.0030410492327064276, 0.011809595860540867, -0.0885743796825409, -0.034278180450201035, 0.004133771173655987, -0.039905715733766556, 0.00377744366414845, 0.10946600139141083, -0.03692139312624931, -0.09289412200450897, -0.01346197072416544, 0.0076967934146523476, 0.017219146713614464, 0.020326493307948112, -0.012139066122472286, -0.03499226272106171, -0.0005052168853580952, -0.0005021371762268245, -0.12269754707813263, 0.0017537015955895185, 0.020375961437821388, -0.042903658002614975, -0.084328792989254, 0.002136449795216322, -0.034028783440589905, -0.03203568607568741, -0.01420640293508768, -0.023955104872584343, 0.024286454543471336, -0.073946014046669, -0.0051847901195287704, 0.0018083261093124747, -0.009782505221664906, -0.012264285236597061, 0.015175567008554935, -0.02488032914698124, -0.00493900291621685, 0.01604543998837471, -0.03536079078912735, 0.01671154797077179, -0.03263293579220772, 0.011790242046117783, -0.012467554770410061, 0.005602626129984856, 0.03672325983643532, 0.014952640980482101, -0.026191983371973038, -0.01572749949991703, -0.009138740599155426, -0.03739576414227486, -0.01226076576858759, 0.009626736864447594, 0.03195737302303314, -0.028781849890947342, 0.007565557025372982, -0.005917259957641363, -0.05757098272442818, 0.015200127847492695, -0.008458741009235382, -0.023075751960277557, 0.021416060626506805, -0.016331234946846962, -0.0071598743088543415, 0.09888070076704025, -0.06383787840604782, 0.05104364827275276, -0.005918022245168686, -0.012949954718351364, -0.05463913828134537, -0.03967035561800003, 0.0008789857383817434, -0.013829872012138367, 0.0016061593778431416, 0.015903621912002563, -0.0015147756785154343, -0.0004193838976789266, 0.032260455191135406, 0.0063810329884290695, -0.012688161805272102, -0.052700720727443695, 0.03295699506998062, 0.013616236858069897, -0.015173286199569702, 0.02496599406003952, -0.022545816376805305, 0.04749266058206558, -0.00314955017529428, 0.05800141766667366, 0.008770177140831947, 0.04760883376002312, 0.006001423113048077, -0.027064893394708633, -0.026063889265060425, 0.04914310574531555, -0.01422807015478611, -0.03650173544883728, 0.002481481060385704, 0.058271437883377075, 0.03262071684002876, 0.06350332498550415, 0.004560383036732674, 0.12723012268543243, -0.0004223543801344931, -0.050280604511499405, -0.03379056975245476, -0.0024559716694056988, -0.07067311555147171, 0.00331971887499094, -0.021669462323188782, 0.012668726034462452, 0.0038663013838231564, 0.0796949490904808, -0.013352709822356701, -0.1026088148355484, -0.005260010715574026, 0.09771580994129181, 0.01708986423909664, 0.007302251644432545, -0.020518487319350243, -0.0026148005854338408, -0.02714167907834053, 0.02522989921271801, 0.03253708779811859, 0.017103388905525208, 0.026215847581624985, -0.011355177499353886, 0.004870695993304253, -0.015262897126376629, 0.023121096193790436, -0.010499020107090473, 0.013825259171426296, 0.04145723581314087, 0.005213821306824684, -0.03398304432630539, 0.006198228802531958, 0.003469595219939947, -0.016255604103207588, 0.02946610376238823, -0.02001357451081276, -0.01811624877154827, -0.022987857460975647, -0.04515807330608368, -0.0008141244179569185, -0.009306685999035835, -0.04797644540667534, 0.039553966373205185, 0.0019930307753384113, -0.007037992589175701, 0.07292946428060532, 0.11035387217998505, 0.005446393974125385, 0.008495938964188099, -0.000840601627714932, 0.021416641771793365, 0.0013123685494065285, -0.09515709429979324, -0.04979878291487694, -0.026690447703003883, 0.016268648207187653, -0.005357594229280949, -0.04910450801253319, -0.007937011308968067, -0.023040520027279854, -0.039387814700603485, -0.016010664403438568, -0.1037684828042984, -0.00021497327543329448, -0.010720907710492611, 0.05618505924940109, -0.01417497918009758, 0.035220127552747726, 0.018641486763954163, -0.033179912716150284, -0.018590789288282394, 0.006828241515904665, 0.020062081515789032, -0.030339468270540237, -0.0096541503444314, 0.028661038726568222, -0.011826327070593834, 0.03946901857852936, -0.0013664544094353914, -0.012594704516232014, 0.03743935376405716, 0.015370131470263004, -0.006490357685834169, 0.02626936137676239, 0.010702389292418957, 0.05520794913172722, -0.009476030245423317, -0.029630426317453384, 0.033905480057001114, -0.0034423978067934513, 0.006422993261367083, -0.09825368970632553, -0.04363013058900833, -0.007812087424099445, 0.07047957181930542, -0.028645357117056847, 0.03328261151909828, 0.06131092831492424, -0.05282525718212128, -0.0015820886474102736, -0.006928089540451765, -0.015829281881451607, -0.008418061770498753, -0.0620376355946064, 0.041437506675720215, -0.03155408427119255, -0.04114002361893654, -0.07657108455896378, -0.017234209924936295, -0.008792771026492119, -0.018957145512104034, -0.1543373316526413, -0.019335227087140083, -0.006650970317423344, -0.022499118000268936, 